comparison_id	set_name	region_class	gene_rank	gene_id	gene_name	peak_hit_count	unique_peak_count	transcript_count	transcript_ids	peak_hit_fraction_within_set
sample__TARDBP__HepG2__ENCSR187VEQ__ENCFF626XAA__VS__TARDBP__K562__ENCSR584TCR__ENCFF606RXB	left_specific	CDS	1	ENSG00000084674.15	APOB	119	119	2	ENST00000233242.5;ENST00000399256.4	0.016348
sample__TARDBP__HepG2__ENCSR187VEQ__ENCFF626XAA__VS__TARDBP__K562__ENCSR584TCR__ENCFF606RXB	left_specific	CDS	2	ENSG00000115414.22	FN1	118	118	21	ENST00000323926.10;ENST00000336916.8;ENST00000354785.11;ENST00000356005.8;ENST00000357867.8;ENST00000359671.5;ENST00000421182.5;ENST00000426059.1;ENST00000432072.6;ENST00000443816.5;ENST00000446046.5;ENST00000865084.1;ENST00000865085.1;ENST00000865086.1;ENST00000865087.1;ENST00000865088.1;ENST00000865089.1;ENST00000933287.1;ENST00000967217.1;ENST00000967218.1;ENST00000967219.1	0.016211
sample__TARDBP__HepG2__ENCSR187VEQ__ENCFF626XAA__VS__TARDBP__K562__ENCSR584TCR__ENCFF606RXB	left_specific	CDS	3	ENSG00000130702.15	LAMA5	51	51	1	ENST00000252999.7	0.007006
sample__TARDBP__HepG2__ENCSR187VEQ__ENCFF626XAA__VS__TARDBP__K562__ENCSR584TCR__ENCFF606RXB	left_specific	CDS	4	ENSG00000091513.17	TF	41	41	6	ENST00000402696.9;ENST00000877245.1;ENST00000877246.1;ENST00000877247.1;ENST00000877248.1;ENST00000877249.1	0.005633
sample__TARDBP__HepG2__ENCSR187VEQ__ENCFF626XAA__VS__TARDBP__K562__ENCSR584TCR__ENCFF606RXB	left_specific	CDS	5	ENSG00000023839.12	ABCC2	40	40	2	ENST00000647814.1;ENST00000648689.1	0.005495
sample__TARDBP__HepG2__ENCSR187VEQ__ENCFF626XAA__VS__TARDBP__K562__ENCSR584TCR__ENCFF606RXB	left_specific	CDS	6	ENSG00000125730.19	C3	40	40	8	ENST00000245907.11;ENST00000695653.1;ENST00000695693.1;ENST00000879543.1;ENST00000879544.1;ENST00000879545.1;ENST00000879546.1;ENST00000952696.1	0.005495
sample__TARDBP__HepG2__ENCSR187VEQ__ENCFF626XAA__VS__TARDBP__K562__ENCSR584TCR__ENCFF606RXB	left_specific	CDS	7	ENSG00000169710.10	FASN	38	38	8	ENST00000306749.4;ENST00000634990.1;ENST00000940341.1;ENST00000940342.1;ENST00000940343.1;ENST00000940344.1;ENST00000940345.1;ENST00000940346.1	0.00522
sample__TARDBP__HepG2__ENCSR187VEQ__ENCFF626XAA__VS__TARDBP__K562__ENCSR584TCR__ENCFF606RXB	left_specific	CDS	8	ENSG00000175899.16	A2M	30	30	18	ENST00000318602.12;ENST00000891824.1;ENST00000891825.1;ENST00000891826.1;ENST00000891827.1;ENST00000891828.1;ENST00000891829.1;ENST00000891830.1;ENST00000891831.1;ENST00000891832.1;ENST00000891833.1;ENST00000891834.1;ENST00000891835.1;ENST00000956132.1;ENST00000956133.1;ENST00000956134.1;ENST00000956135.1;ENST00000956136.1	0.004121
sample__TARDBP__HepG2__ENCSR187VEQ__ENCFF626XAA__VS__TARDBP__K562__ENCSR584TCR__ENCFF606RXB	left_specific	CDS	9	ENSG00000151914.22	DST	29	29	11	ENST00000244364.10;ENST00000312431.10;ENST00000340834.10;ENST00000361203.7;ENST00000370765.11;ENST00000370788.6;ENST00000421834.7;ENST00000449297.7;ENST00000518935.5;ENST00000520645.6;ENST00000680361.1	0.003984
sample__TARDBP__HepG2__ENCSR187VEQ__ENCFF626XAA__VS__TARDBP__K562__ENCSR584TCR__ENCFF606RXB	left_specific	CDS	10	ENSG00000123384.14	LRP1	29	29	1	ENST00000243077.8	0.003984
sample__TARDBP__HepG2__ENCSR187VEQ__ENCFF626XAA__VS__TARDBP__K562__ENCSR584TCR__ENCFF606RXB	left_specific	CDS	11	ENSG00000127481.15	UBR4	28	28	4	ENST00000375218.3;ENST00000375224.1;ENST00000375225.7;ENST00000375254.8	0.003847
sample__TARDBP__HepG2__ENCSR187VEQ__ENCFF626XAA__VS__TARDBP__K562__ENCSR584TCR__ENCFF606RXB	left_specific	CDS	12	ENSG00000142798.20	HSPG2	27	27	1	ENST00000374695.8	0.003709
sample__TARDBP__HepG2__ENCSR187VEQ__ENCFF626XAA__VS__TARDBP__K562__ENCSR584TCR__ENCFF606RXB	left_specific	CDS	13	ENSG00000081051.8	AFP	26	26	2	ENST00000226359.2;ENST00000395792.7	0.003572
sample__TARDBP__HepG2__ENCSR187VEQ__ENCFF626XAA__VS__TARDBP__K562__ENCSR584TCR__ENCFF606RXB	left_specific	CDS	14	ENSG00000092758.19	COL9A3	26	26	4	ENST00000649368.1;ENST00000894732.1;ENST00000934235.1;ENST00000934236.1	0.003572
sample__TARDBP__HepG2__ENCSR187VEQ__ENCFF626XAA__VS__TARDBP__K562__ENCSR584TCR__ENCFF606RXB	left_specific	CDS	15	ENSG00000151655.20	ITIH2	26	26	20	ENST00000358415.9;ENST00000379587.4;ENST00000899752.1;ENST00000899753.1;ENST00000899754.1;ENST00000899755.1;ENST00000899756.1;ENST00000899757.1;ENST00000899758.1;ENST00000899759.1;ENST00000899760.1;ENST00000899761.1;ENST00000899762.1;ENST00000899763.1;ENST00000899764.1;ENST00000899765.1;ENST00000899766.1;ENST00000899767.1;ENST00000899768.1;ENST00000899769.1	0.003572
sample__TARDBP__HepG2__ENCSR187VEQ__ENCFF626XAA__VS__TARDBP__K562__ENCSR584TCR__ENCFF606RXB	left_specific	CDS	16	ENSG00000163631.20	ALB	24	24	53	ENST00000295897.9;ENST00000401494.7;ENST00000415165.6;ENST00000503124.5;ENST00000509063.5;ENST00000876006.1;ENST00000876007.1;ENST00000876008.1;ENST00000876009.1;ENST00000876010.1;ENST00000876011.1;ENST00000876012.1;ENST00000876013.1;ENST00000876014.1;ENST00000876015.1;ENST00000876016.1;ENST00000876017.1;ENST00000876018.1;ENST00000876019.1;ENST00000876020.1;ENST00000876021.1;ENST00000876022.1;ENST00000876023.1;ENST00000876024.1;ENST00000876025.1;ENST00000876026.1;ENST00000876027.1;ENST00000876028.1;ENST00000876029.1;ENST00000876030.1;ENST00000876031.1;ENST00000876032.1;ENST00000876033.1;ENST00000876034.1;ENST00000876035.1;ENST00000876036.1;ENST00000876037.1;ENST00000876038.1;ENST00000876039.1;ENST00000876040.1;ENST00000876041.1;ENST00000876042.1;ENST00000876043.1;ENST00000876044.1;ENST00000876045.1;ENST00000876046.1;ENST00000876047.1;ENST00000876048.1;ENST00000876049.1;ENST00000876050.1;ENST00000876051.1;ENST00000876052.1;ENST00000944004.1	0.003297
sample__TARDBP__HepG2__ENCSR187VEQ__ENCFF626XAA__VS__TARDBP__K562__ENCSR584TCR__ENCFF606RXB	left_specific	CDS	17	ENSG00000115760.16	BIRC6	22	22	3	ENST00000421745.7;ENST00000700518.1;ENST00000700519.1	0.003022
sample__TARDBP__HepG2__ENCSR187VEQ__ENCFF626XAA__VS__TARDBP__K562__ENCSR584TCR__ENCFF606RXB	left_specific	CDS	18	ENSG00000182871.17	COL18A1	22	22	27	ENST00000355480.10;ENST00000359759.8;ENST00000651438.1;ENST00000859059.1;ENST00000859060.1;ENST00000859061.1;ENST00000859062.1;ENST00000859063.1;ENST00000859064.1;ENST00000859065.1;ENST00000859066.1;ENST00000859067.1;ENST00000859068.1;ENST00000859069.1;ENST00000930594.1;ENST00000930595.1;ENST00000930596.1;ENST00000930597.1;ENST00000930598.1;ENST00000930599.1;ENST00000930600.1;ENST00000930601.1;ENST00000930602.1;ENST00000970097.1;ENST00000970098.1;ENST00000970099.1;ENST00000970100.1	0.003022
sample__TARDBP__HepG2__ENCSR187VEQ__ENCFF626XAA__VS__TARDBP__K562__ENCSR584TCR__ENCFF606RXB	left_specific	CDS	19	ENSG00000152818.20	UTRN	22	22	3	ENST00000367524.8;ENST00000367526.8;ENST00000367545.8	0.003022
sample__TARDBP__HepG2__ENCSR187VEQ__ENCFF626XAA__VS__TARDBP__K562__ENCSR584TCR__ENCFF606RXB	left_specific	CDS	20	ENSG00000189056.15	RELN	20	20	3	ENST00000343529.9;ENST00000424685.3;ENST00000428762.6	0.002748
sample__TARDBP__HepG2__ENCSR187VEQ__ENCFF626XAA__VS__TARDBP__K562__ENCSR584TCR__ENCFF606RXB	left_specific	intron	1	ENSG00000155093.20	PTPRN2	1259	1259	5	ENST00000389413.7;ENST00000389416.8;ENST00000389418.9;ENST00000409483.5;ENST00000436151.5	0.013235
sample__TARDBP__HepG2__ENCSR187VEQ__ENCFF626XAA__VS__TARDBP__K562__ENCSR584TCR__ENCFF606RXB	left_specific	intron	2	ENSG00000148655.16	LRMDA	599	599	3	ENST00000372499.5;ENST00000496424.2;ENST00000611255.5	0.006297
sample__TARDBP__HepG2__ENCSR187VEQ__ENCFF626XAA__VS__TARDBP__K562__ENCSR584TCR__ENCFF606RXB	left_specific	intron	3	ENSG00000182621.19	PLCB1	592	592	8	ENST00000338037.11;ENST00000378637.6;ENST00000378641.7;ENST00000404098.6;ENST00000441231.2;ENST00000451443.1;ENST00000629992.2;ENST00000637919.1	0.006223
sample__TARDBP__HepG2__ENCSR187VEQ__ENCFF626XAA__VS__TARDBP__K562__ENCSR584TCR__ENCFF606RXB	left_specific	intron	4	ENSG00000162105.22	SHANK2	481	481	12	ENST00000338508.9;ENST00000409161.5;ENST00000412252.6;ENST00000601538.6;ENST00000656230.1;ENST00000659264.1;ENST00000663650.1;ENST00000715742.1;ENST00000916035.1;ENST00000916036.1;ENST00000916037.1;ENST00000916038.1	0.005056
sample__TARDBP__HepG2__ENCSR187VEQ__ENCFF626XAA__VS__TARDBP__K562__ENCSR584TCR__ENCFF606RXB	left_specific	intron	5	ENSG00000151276.24	MAGI1	410	410	8	ENST00000330909.12;ENST00000402939.7;ENST00000460754.1;ENST00000472514.1;ENST00000483466.5;ENST00000497477.6;ENST00000611645.4;ENST00000621418.4	0.00431
sample__TARDBP__HepG2__ENCSR187VEQ__ENCFF626XAA__VS__TARDBP__K562__ENCSR584TCR__ENCFF606RXB	left_specific	intron	6	ENSG00000147257.17	GPC3	393	393	7	ENST00000370818.8;ENST00000394299.7;ENST00000631057.2;ENST00000689310.1;ENST00000911059.1;ENST00000925126.1;ENST00000925127.1	0.004131
sample__TARDBP__HepG2__ENCSR187VEQ__ENCFF626XAA__VS__TARDBP__K562__ENCSR584TCR__ENCFF606RXB	left_specific	intron	7	ENSG00000112699.12	GMDS	336	336	9	ENST00000380815.5;ENST00000530927.5;ENST00000851212.1;ENST00000851213.1;ENST00000920350.1;ENST00000920351.1;ENST00000950952.1;ENST00000950953.1;ENST00000950954.1	0.003532
sample__TARDBP__HepG2__ENCSR187VEQ__ENCFF626XAA__VS__TARDBP__K562__ENCSR584TCR__ENCFF606RXB	left_specific	intron	8	ENSG00000152818.20	UTRN	330	330	3	ENST00000367524.8;ENST00000367526.8;ENST00000367545.8	0.003469
sample__TARDBP__HepG2__ENCSR187VEQ__ENCFF626XAA__VS__TARDBP__K562__ENCSR584TCR__ENCFF606RXB	left_specific	intron	9	ENSG00000075420.14	FNDC3B	328	328	49	ENST00000336824.8;ENST00000415807.7;ENST00000416957.5;ENST00000421757.5;ENST00000423424.5;ENST00000899158.1;ENST00000899159.1;ENST00000899160.1;ENST00000899161.1;ENST00000899162.1;ENST00000899163.1;ENST00000899164.1;ENST00000899165.1;ENST00000899166.1;ENST00000899167.1;ENST00000899168.1;ENST00000899169.1;ENST00000899170.1;ENST00000899171.1;ENST00000899172.1;ENST00000899173.1;ENST00000899174.1;ENST00000899175.1;ENST00000899176.1;ENST00000899177.1;ENST00000899178.1;ENST00000899179.1;ENST00000899180.1;ENST00000899181.1;ENST00000899182.1;ENST00000899183.1;ENST00000899184.1;ENST00000899185.1;ENST00000899186.1;ENST00000899187.1;ENST00000899188.1;ENST00000926636.1;ENST00000926637.1;ENST00000947473.1;ENST00000947474.1;ENST00000947475.1;ENST00000947476.1;ENST00000947477.1;ENST00000947478.1;ENST00000947479.1;ENST00000947480.1;ENST00000947481.1;ENST00000947482.1;ENST00000947483.1	0.003448
sample__TARDBP__HepG2__ENCSR187VEQ__ENCFF626XAA__VS__TARDBP__K562__ENCSR584TCR__ENCFF606RXB	left_specific	intron	10	ENSG00000115504.16	EHBP1	322	322	21	ENST00000263991.9;ENST00000405015.7;ENST00000405289.5;ENST00000431489.6;ENST00000452397.1;ENST00000650490.1;ENST00000766977.1;ENST00000861116.1;ENST00000861117.1;ENST00000861118.1;ENST00000861119.1;ENST00000861120.1;ENST00000861121.1;ENST00000861122.1;ENST00000861123.1;ENST00000861124.1;ENST00000861125.1;ENST00000861126.1;ENST00000861127.1;ENST00000861128.1;ENST00000946019.1	0.003385
sample__TARDBP__HepG2__ENCSR187VEQ__ENCFF626XAA__VS__TARDBP__K562__ENCSR584TCR__ENCFF606RXB	left_specific	intron	11	ENSG00000157827.22	FMNL2	265	265	7	ENST00000288670.14;ENST00000475377.3;ENST00000850951.1;ENST00000850952.1;ENST00000869108.1;ENST00000939795.1;ENST00000939796.1	0.002786
sample__TARDBP__HepG2__ENCSR187VEQ__ENCFF626XAA__VS__TARDBP__K562__ENCSR584TCR__ENCFF606RXB	left_specific	intron	12	ENSG00000184384.15	MAML2	249	249	1	ENST00000524717.6	0.002617
sample__TARDBP__HepG2__ENCSR187VEQ__ENCFF626XAA__VS__TARDBP__K562__ENCSR584TCR__ENCFF606RXB	left_specific	intron	13	ENSG00000124788.19	ATXN1	243	243	3	ENST00000244769.8;ENST00000436367.6;ENST00000841042.1	0.002554
sample__TARDBP__HepG2__ENCSR187VEQ__ENCFF626XAA__VS__TARDBP__K562__ENCSR584TCR__ENCFF606RXB	left_specific	intron	14	ENSG00000123104.12	ITPR2	240	240	3	ENST00000242737.5;ENST00000381340.8;ENST00000535324.1	0.002523
sample__TARDBP__HepG2__ENCSR187VEQ__ENCFF626XAA__VS__TARDBP__K562__ENCSR584TCR__ENCFF606RXB	left_specific	intron	15	ENSG00000152894.16	PTPRK	238	238	21	ENST00000368207.7;ENST00000368210.7;ENST00000368213.9;ENST00000368215.7;ENST00000368226.9;ENST00000417390.1;ENST00000525459.1;ENST00000532331.5;ENST00000876486.1;ENST00000876487.1;ENST00000876488.1;ENST00000930831.1;ENST00000930832.1;ENST00000930833.1;ENST00000950858.1;ENST00000950859.1;ENST00000950860.1;ENST00000950861.1;ENST00000950862.1;ENST00000950863.1;ENST00000950864.1	0.002502
sample__TARDBP__HepG2__ENCSR187VEQ__ENCFF626XAA__VS__TARDBP__K562__ENCSR584TCR__ENCFF606RXB	left_specific	intron	16	ENSG00000187147.20	RNF220	237	237	3	ENST00000355387.6;ENST00000361799.7;ENST00000925767.1	0.002491
sample__TARDBP__HepG2__ENCSR187VEQ__ENCFF626XAA__VS__TARDBP__K562__ENCSR584TCR__ENCFF606RXB	left_specific	intron	17	ENSG00000148498.18	PARD3	236	236	62	ENST00000340077.9;ENST00000346874.9;ENST00000350537.9;ENST00000374768.1;ENST00000374773.6;ENST00000374776.6;ENST00000374788.8;ENST00000374789.8;ENST00000374790.8;ENST00000374794.8;ENST00000544292.5;ENST00000545260.5;ENST00000545693.5;ENST00000696673.1;ENST00000858358.1;ENST00000926299.1;ENST00000926300.1;ENST00000926301.1;ENST00000926302.1;ENST00000926303.1;ENST00000926304.1;ENST00000926305.1;ENST00000926306.1;ENST00000926307.1;ENST00000926308.1;ENST00000926311.1;ENST00000926312.1;ENST00000926313.1;ENST00000926314.1;ENST00000926315.1;ENST00000926316.1;ENST00000926317.1;ENST00000926318.1;ENST00000926319.1;ENST00000926320.1;ENST00000926321.1;ENST00000926322.1;ENST00000926323.1;ENST00000926324.1;ENST00000926325.1;ENST00000926326.1;ENST00000926327.1;ENST00000926328.1;ENST00000926329.1;ENST00000926330.1;ENST00000926331.1;ENST00000926332.1;ENST00000926333.1;ENST00000926334.1;ENST00000963004.1;ENST00000963005.1;ENST00000963006.1;ENST00000963007.1;ENST00000963008.1;ENST00000963009.1;ENST00000963010.1;ENST00000963011.1;ENST00000963012.1;ENST00000963013.1;ENST00000963014.1;ENST00000963015.1;ENST00000963016.1	0.002481
sample__TARDBP__HepG2__ENCSR187VEQ__ENCFF626XAA__VS__TARDBP__K562__ENCSR584TCR__ENCFF606RXB	left_specific	intron	18	ENSG00000176124.16	DLEU1	230	230	30	ENST00000400393.3;ENST00000413510.4;ENST00000469095.6;ENST00000469127.6;ENST00000469754.4;ENST00000473075.4;ENST00000484869.6;ENST00000491615.5;ENST00000504404.2;ENST00000621282.4;ENST00000647700.1;ENST00000650910.1;ENST00000652118.2;ENST00000652753.1;ENST00000655550.2;ENST00000658634.1;ENST00000659280.2;ENST00000668174.1;ENST00000732841.1;ENST00000790413.1;ENST00000790414.1;ENST00000848549.1;ENST00000848795.1;ENST00000848796.1;ENST00000848797.1;ENST00000848798.1;ENST00000848799.1;ENST00000848800.1;ENST00000848801.1;ENST00000848803.1	0.002418
sample__TARDBP__HepG2__ENCSR187VEQ__ENCFF626XAA__VS__TARDBP__K562__ENCSR584TCR__ENCFF606RXB	left_specific	intron	19	ENSG00000142599.21	RERE	225	225	9	ENST00000337907.7;ENST00000377464.5;ENST00000400907.6;ENST00000400908.7;ENST00000465125.2;ENST00000476556.5;ENST00000659924.1;ENST00000704049.1;ENST00000864419.1	0.002365
sample__TARDBP__HepG2__ENCSR187VEQ__ENCFF626XAA__VS__TARDBP__K562__ENCSR584TCR__ENCFF606RXB	left_specific	intron	20	ENSG00000053254.17	FOXN3	217	217	20	ENST00000261302.9;ENST00000345097.8;ENST00000555353.5;ENST00000556383.1;ENST00000557258.6;ENST00000615335.4;ENST00000662923.1;ENST00000884418.1;ENST00000884419.1;ENST00000884420.1;ENST00000884421.1;ENST00000884422.1;ENST00000884423.1;ENST00000884424.1;ENST00000922268.1;ENST00000950235.1;ENST00000950236.1;ENST00000950237.1;ENST00000950238.1;ENST00000950239.1	0.002281
sample__TARDBP__HepG2__ENCSR187VEQ__ENCFF626XAA__VS__TARDBP__K562__ENCSR584TCR__ENCFF606RXB	right_specific	CDS	1	ENSG00000127603.32	MACF1	56	56	5	ENST00000361689.7;ENST00000372915.8;ENST00000564288.6;ENST00000567887.5;ENST00000671089.2	0.002699
sample__TARDBP__HepG2__ENCSR187VEQ__ENCFF626XAA__VS__TARDBP__K562__ENCSR584TCR__ENCFF606RXB	right_specific	CDS	2	ENSG00000055609.21	KMT2C	42	42	8	ENST00000262189.11;ENST00000679882.1;ENST00000681082.1;ENST00000682283.1;ENST00000682301.1;ENST00000683490.1;ENST00000683616.1;ENST00000684550.1	0.002024
sample__TARDBP__HepG2__ENCSR187VEQ__ENCFF626XAA__VS__TARDBP__K562__ENCSR584TCR__ENCFF606RXB	right_specific	CDS	3	ENSG00000173821.20	RNF213	38	38	3	ENST00000319921.4;ENST00000508628.6;ENST00000582970.6	0.001831
sample__TARDBP__HepG2__ENCSR187VEQ__ENCFF626XAA__VS__TARDBP__K562__ENCSR584TCR__ENCFF606RXB	right_specific	CDS	4	ENSG00000127481.15	UBR4	38	38	3	ENST00000375218.3;ENST00000375224.1;ENST00000375254.8	0.001831
sample__TARDBP__HepG2__ENCSR187VEQ__ENCFF626XAA__VS__TARDBP__K562__ENCSR584TCR__ENCFF606RXB	right_specific	CDS	5	ENSG00000047410.14	TPR	37	37	2	ENST00000367478.9;ENST00000613151.1	0.001783
sample__TARDBP__HepG2__ENCSR187VEQ__ENCFF626XAA__VS__TARDBP__K562__ENCSR584TCR__ENCFF606RXB	right_specific	CDS	6	ENSG00000115464.15	USP34	33	33	1	ENST00000398571.7	0.00159
sample__TARDBP__HepG2__ENCSR187VEQ__ENCFF626XAA__VS__TARDBP__K562__ENCSR584TCR__ENCFF606RXB	right_specific	CDS	7	ENSG00000164199.18	ADGRV1	31	31	1	ENST00000405460.9	0.001494
sample__TARDBP__HepG2__ENCSR187VEQ__ENCFF626XAA__VS__TARDBP__K562__ENCSR584TCR__ENCFF606RXB	right_specific	CDS	8	ENSG00000124942.14	AHNAK	29	29	3	ENST00000257247.11;ENST00000378024.9;ENST00000530124.5	0.001398
sample__TARDBP__HepG2__ENCSR187VEQ__ENCFF626XAA__VS__TARDBP__K562__ENCSR584TCR__ENCFF606RXB	right_specific	CDS	9	ENSG00000126883.20	NUP214	28	28	17	ENST00000359428.10;ENST00000411637.6;ENST00000652454.1;ENST00000897205.1;ENST00000897206.1;ENST00000897207.1;ENST00000897208.1;ENST00000897209.1;ENST00000897210.1;ENST00000922158.1;ENST00000922159.1;ENST00000922160.1;ENST00000922161.1;ENST00000922162.1;ENST00000922163.1;ENST00000922164.1;ENST00000922165.1	0.001349
sample__TARDBP__HepG2__ENCSR187VEQ__ENCFF626XAA__VS__TARDBP__K562__ENCSR584TCR__ENCFF606RXB	right_specific	CDS	10	ENSG00000130816.18	DNMT1	27	27	11	ENST00000340748.8;ENST00000359526.9;ENST00000676610.1;ENST00000677946.1;ENST00000678804.1;ENST00000679103.1;ENST00000679313.1;ENST00000917926.1;ENST00000917927.1;ENST00000917928.1;ENST00000917929.1	0.001301
sample__TARDBP__HepG2__ENCSR187VEQ__ENCFF626XAA__VS__TARDBP__K562__ENCSR584TCR__ENCFF606RXB	right_specific	CDS	11	ENSG00000253729.10	PRKDC	27	27	5	ENST00000314191.7;ENST00000338368.7;ENST00000697603.1;ENST00000911723.1;ENST00000911724.1	0.001301
sample__TARDBP__HepG2__ENCSR187VEQ__ENCFF626XAA__VS__TARDBP__K562__ENCSR584TCR__ENCFF606RXB	right_specific	CDS	12	ENSG00000128731.18	HERC2	25	25	1	ENST00000261609.13	0.001205
sample__TARDBP__HepG2__ENCSR187VEQ__ENCFF626XAA__VS__TARDBP__K562__ENCSR584TCR__ENCFF606RXB	right_specific	CDS	13	ENSG00000177084.20	POLE	25	25	3	ENST00000320574.10;ENST00000535270.5;ENST00000937600.1	0.001205
sample__TARDBP__HepG2__ENCSR187VEQ__ENCFF626XAA__VS__TARDBP__K562__ENCSR584TCR__ENCFF606RXB	right_specific	CDS	14	ENSG00000117523.18	PRRC2C	25	25	4	ENST00000338920.8;ENST00000367742.7;ENST00000426496.6;ENST00000647382.2	0.001205
sample__TARDBP__HepG2__ENCSR187VEQ__ENCFF626XAA__VS__TARDBP__K562__ENCSR584TCR__ENCFF606RXB	right_specific	CDS	15	ENSG00000127616.23	SMARCA4	25	25	64	ENST00000344626.10;ENST00000429416.8;ENST00000444061.8;ENST00000541122.6;ENST00000589677.5;ENST00000590574.6;ENST00000642628.1;ENST00000642726.1;ENST00000643296.1;ENST00000643549.1;ENST00000644737.1;ENST00000645460.1;ENST00000646484.1;ENST00000646510.1;ENST00000646693.2;ENST00000647230.1;ENST00000711079.1;ENST00000896342.1;ENST00000896343.1;ENST00000924714.1;ENST00000924715.1;ENST00000924716.1;ENST00000924717.1;ENST00000924718.1;ENST00000924719.1;ENST00000924720.1;ENST00000924721.1;ENST00000924722.1;ENST00000924723.1;ENST00000924724.1;ENST00000924725.1;ENST00000924726.1;ENST00000924727.1;ENST00000924728.1;ENST00000924729.1;ENST00000924730.1;ENST00000924731.1;ENST00000924732.1;ENST00000924733.1;ENST00000924734.1;ENST00000924735.1;ENST00000924736.1;ENST00000924737.1;ENST00000924738.1;ENST00000924739.1;ENST00000924740.1;ENST00000924741.1;ENST00000924742.1;ENST00000924743.1;ENST00000924744.1;ENST00000924745.1;ENST00000924746.1;ENST00000924747.1;ENST00000924748.1;ENST00000924749.1;ENST00000924750.1;ENST00000924751.1;ENST00000924752.1;ENST00000924753.1;ENST00000924754.1;ENST00000924755.1;ENST00000924756.1;ENST00000970840.1;ENST00000970841.1	0.001205
sample__TARDBP__HepG2__ENCSR187VEQ__ENCFF626XAA__VS__TARDBP__K562__ENCSR584TCR__ENCFF606RXB	right_specific	CDS	16	ENSG00000127914.20	AKAP9	24	24	16	ENST00000356239.8;ENST00000359028.7;ENST00000491695.2;ENST00000679521.1;ENST00000679821.1;ENST00000680072.1;ENST00000680181.1;ENST00000680513.1;ENST00000680534.1;ENST00000680766.1;ENST00000680952.1;ENST00000681412.1;ENST00000681722.1;ENST00000925975.1;ENST00000925976.1;ENST00000925977.1	0.001157
sample__TARDBP__HepG2__ENCSR187VEQ__ENCFF626XAA__VS__TARDBP__K562__ENCSR584TCR__ENCFF606RXB	right_specific	CDS	17	ENSG00000131503.22	ANKHD1	24	24	9	ENST00000360839.7;ENST00000394722.7;ENST00000394723.7;ENST00000532219.5;ENST00000616482.4;ENST00000907941.1;ENST00000936090.1;ENST00000936091.1;ENST00000936092.1	0.001157
sample__TARDBP__HepG2__ENCSR187VEQ__ENCFF626XAA__VS__TARDBP__K562__ENCSR584TCR__ENCFF606RXB	right_specific	CDS	18	ENSG00000254996.5	ANKHD1-EIF4EBP3	24	24	9	ENST00000360839.7;ENST00000394722.7;ENST00000394723.7;ENST00000532219.5;ENST00000616482.4;ENST00000907941.1;ENST00000936090.1;ENST00000936091.1;ENST00000936092.1	0.001157
sample__TARDBP__HepG2__ENCSR187VEQ__ENCFF626XAA__VS__TARDBP__K562__ENCSR584TCR__ENCFF606RXB	right_specific	CDS	19	ENSG00000143776.21	CDC42BPA	24	24	8	ENST00000334218.9;ENST00000366764.8;ENST00000366766.8;ENST00000366767.7;ENST00000366769.7;ENST00000963196.1;ENST00000963197.1;ENST00000963198.1	0.001157
sample__TARDBP__HepG2__ENCSR187VEQ__ENCFF626XAA__VS__TARDBP__K562__ENCSR584TCR__ENCFF606RXB	right_specific	CDS	20	ENSG00000183495.16	EP400	24	24	3	ENST00000333577.8;ENST00000389561.7;ENST00000935960.1	0.001157
sample__TARDBP__HepG2__ENCSR187VEQ__ENCFF626XAA__VS__TARDBP__K562__ENCSR584TCR__ENCFF606RXB	right_specific	intron	1	ENSG00000185420.19	SMYD3	208	208	4	ENST00000403792.7;ENST00000490107.6;ENST00000630181.2;ENST00000651181.1	0.005551
sample__TARDBP__HepG2__ENCSR187VEQ__ENCFF626XAA__VS__TARDBP__K562__ENCSR584TCR__ENCFF606RXB	right_specific	intron	2	ENSG00000166501.15	PRKCB	176	176	9	ENST00000321728.12;ENST00000643927.1;ENST00000867666.1;ENST00000914401.1;ENST00000965655.1;ENST00000965656.1;ENST00000965657.1;ENST00000965658.1;ENST00000965659.1	0.004697
sample__TARDBP__HepG2__ENCSR187VEQ__ENCFF626XAA__VS__TARDBP__K562__ENCSR584TCR__ENCFF606RXB	right_specific	intron	3	ENSG00000283117.2	MGC4859	174	174	7	ENST00000422697.1;ENST00000634803.1;ENST00000804836.1;ENST00000804837.1;ENST00000804845.1;ENST00000804849.1;ENST00000804851.1	0.004643
sample__TARDBP__HepG2__ENCSR187VEQ__ENCFF626XAA__VS__TARDBP__K562__ENCSR584TCR__ENCFF606RXB	right_specific	intron	4	ENSG00000229140.13	CCDC26	165	165	30	ENST00000630386.2;ENST00000642958.2;ENST00000643616.1;ENST00000644194.1;ENST00000663066.2;ENST00000667974.1;ENST00000674580.1;ENST00000674656.1;ENST00000674741.1;ENST00000674762.1;ENST00000675072.1;ENST00000675388.1;ENST00000675393.1;ENST00000675435.1;ENST00000675589.1;ENST00000675599.1;ENST00000675878.1;ENST00000675948.1;ENST00000675970.1;ENST00000676248.1;ENST00000676407.1;ENST00000822340.1;ENST00000822341.1;ENST00000826890.1;ENST00000827342.1;ENST00000827344.1;ENST00000827345.1;ENST00000827350.1;ENST00000827352.1;ENST00000827354.1	0.004403
sample__TARDBP__HepG2__ENCSR187VEQ__ENCFF626XAA__VS__TARDBP__K562__ENCSR584TCR__ENCFF606RXB	right_specific	intron	5	ENSG00000185305.12	ARL15	140	140	3	ENST00000502271.5;ENST00000504924.6;ENST00000507646.2	0.003736
sample__TARDBP__HepG2__ENCSR187VEQ__ENCFF626XAA__VS__TARDBP__K562__ENCSR584TCR__ENCFF606RXB	right_specific	intron	6	ENSG00000196565.15	ENSG00000239920	136	136	4	ENST00000292896.3;ENST00000380237.5;ENST00000380252.6;ENST00000380259.7	0.003629
sample__TARDBP__HepG2__ENCSR187VEQ__ENCFF626XAA__VS__TARDBP__K562__ENCSR584TCR__ENCFF606RXB	right_specific	intron	7	ENSG00000239920.2	HBG2	136	136	4	ENST00000292896.3;ENST00000380237.5;ENST00000380252.6;ENST00000380259.7	0.003629
sample__TARDBP__HepG2__ENCSR187VEQ__ENCFF626XAA__VS__TARDBP__K562__ENCSR584TCR__ENCFF606RXB	right_specific	intron	8	ENSG00000213931.7	HBE1	135	135	4	ENST00000292896.3;ENST00000380237.5;ENST00000380252.6;ENST00000380259.7	0.003602
sample__TARDBP__HepG2__ENCSR187VEQ__ENCFF626XAA__VS__TARDBP__K562__ENCSR584TCR__ENCFF606RXB	right_specific	intron	9	ENSG00000182256.13	GABRG3	127	127	5	ENST00000333743.10;ENST00000555083.5;ENST00000615808.5;ENST00000660679.1;ENST00000663358.2	0.003389
sample__TARDBP__HepG2__ENCSR187VEQ__ENCFF626XAA__VS__TARDBP__K562__ENCSR584TCR__ENCFF606RXB	right_specific	intron	10	ENSG00000290606.3	ENSG00000290606	117	117	18	ENST00000592716.1;ENST00000592931.1;ENST00000593065.6;ENST00000636857.1;ENST00000716068.1;ENST00000716069.1;ENST00000716070.1;ENST00000716071.1;ENST00000716072.1;ENST00000716073.1;ENST00000785636.1;ENST00000785637.1;ENST00000785638.1;ENST00000785639.1;ENST00000785762.1;ENST00000810399.1;ENST00000810402.1;ENST00000810403.1	0.003122
sample__TARDBP__HepG2__ENCSR187VEQ__ENCFF626XAA__VS__TARDBP__K562__ENCSR584TCR__ENCFF606RXB	right_specific	intron	11	ENSG00000184903.10	IMMP2L	110	110	5	ENST00000331762.7;ENST00000405709.7;ENST00000447215.5;ENST00000450877.5;ENST00000452895.5	0.002935
sample__TARDBP__HepG2__ENCSR187VEQ__ENCFF626XAA__VS__TARDBP__K562__ENCSR584TCR__ENCFF606RXB	right_specific	intron	12	ENSG00000189229.13	ENSG00000189229	106	106	11	ENST00000655753.1;ENST00000658468.1;ENST00000659827.1;ENST00000660054.1;ENST00000661518.1;ENST00000662846.1;ENST00000668643.1;ENST00000670757.2;ENST00000812233.1;ENST00000812350.1;ENST00000812353.1	0.002829
sample__TARDBP__HepG2__ENCSR187VEQ__ENCFF626XAA__VS__TARDBP__K562__ENCSR584TCR__ENCFF606RXB	right_specific	intron	13	ENSG00000197157.12	SND1	101	101	23	ENST00000354725.8;ENST00000903601.1;ENST00000903602.1;ENST00000903603.1;ENST00000903604.1;ENST00000903605.1;ENST00000903606.1;ENST00000903607.1;ENST00000903608.1;ENST00000903609.1;ENST00000915263.1;ENST00000915264.1;ENST00000915265.1;ENST00000915266.1;ENST00000915267.1;ENST00000915268.1;ENST00000944748.1;ENST00000944749.1;ENST00000944750.1;ENST00000944751.1;ENST00000944752.1;ENST00000944753.1;ENST00000944754.1	0.002695
sample__TARDBP__HepG2__ENCSR187VEQ__ENCFF626XAA__VS__TARDBP__K562__ENCSR584TCR__ENCFF606RXB	right_specific	intron	14	ENSG00000171310.11	CHST11	90	90	5	ENST00000303694.6;ENST00000546689.1;ENST00000547956.1;ENST00000549260.5;ENST00000805737.1	0.002402
sample__TARDBP__HepG2__ENCSR187VEQ__ENCFF626XAA__VS__TARDBP__K562__ENCSR584TCR__ENCFF606RXB	right_specific	intron	15	ENSG00000157985.20	AGAP1	89	89	10	ENST00000304032.13;ENST00000336665.9;ENST00000409457.5;ENST00000409538.5;ENST00000418654.2;ENST00000440101.1;ENST00000448025.6;ENST00000635100.2;ENST00000699337.1;ENST00000725223.1	0.002375
sample__TARDBP__HepG2__ENCSR187VEQ__ENCFF626XAA__VS__TARDBP__K562__ENCSR584TCR__ENCFF606RXB	right_specific	intron	16	ENSG00000175029.18	CTBP2	87	87	117	ENST00000337195.11;ENST00000411419.7;ENST00000494626.6;ENST00000531469.5;ENST00000904058.1;ENST00000904059.1;ENST00000904060.1;ENST00000904061.1;ENST00000904062.1;ENST00000904063.1;ENST00000904064.1;ENST00000904065.1;ENST00000904066.1;ENST00000904067.1;ENST00000904068.1;ENST00000904069.1;ENST00000904070.1;ENST00000904071.1;ENST00000904072.1;ENST00000904073.1;ENST00000904074.1;ENST00000904075.1;ENST00000904076.1;ENST00000904077.1;ENST00000904078.1;ENST00000904079.1;ENST00000904080.1;ENST00000904081.1;ENST00000904082.1;ENST00000904083.1;ENST00000904084.1;ENST00000904085.1;ENST00000904086.1;ENST00000904087.1;ENST00000904088.1;ENST00000904089.1;ENST00000904090.1;ENST00000904091.1;ENST00000904092.1;ENST00000904093.1;ENST00000904094.1;ENST00000904095.1;ENST00000904096.1;ENST00000904097.1;ENST00000904098.1;ENST00000904099.1;ENST00000904100.1;ENST00000904101.1;ENST00000904102.1;ENST00000904103.1;ENST00000904104.1;ENST00000904105.1;ENST00000904106.1;ENST00000904107.1;ENST00000904108.1;ENST00000904109.1;ENST00000904110.1;ENST00000904111.1;ENST00000904112.1;ENST00000927613.1;ENST00000927614.1;ENST00000927615.1;ENST00000927616.1;ENST00000927617.1;ENST00000927618.1;ENST00000927619.1;ENST00000927620.1;ENST00000927621.1;ENST00000927622.1;ENST00000927623.1;ENST00000927624.1;ENST00000927625.1;ENST00000927626.1;ENST00000927627.1;ENST00000927628.1;ENST00000927629.1;ENST00000927630.1;ENST00000927631.1;ENST00000927632.1;ENST00000927633.1;ENST00000927634.1;ENST00000927635.1;ENST00000927636.1;ENST00000927637.1;ENST00000927638.1;ENST00000927639.1;ENST00000927640.1;ENST00000927641.1;ENST00000927642.1;ENST00000927643.1;ENST00000927644.1;ENST00000966923.1;ENST00000966924.1;ENST00000966925.1;ENST00000966926.1;ENST00000966927.1;ENST00000966928.1;ENST00000966929.1;ENST00000966930.1;ENST00000966931.1;ENST00000966932.1;ENST00000966933.1;ENST00000966934.1;ENST00000966935.1;ENST00000966936.1;ENST00000966937.1;ENST00000966938.1;ENST00000966939.1;ENST00000966940.1;ENST00000966941.1;ENST00000966942.1;ENST00000966943.1;ENST00000966944.1;ENST00000966945.1;ENST00000966946.1;ENST00000966947.1;ENST00000966948.1	0.002322
sample__TARDBP__HepG2__ENCSR187VEQ__ENCFF626XAA__VS__TARDBP__K562__ENCSR584TCR__ENCFF606RXB	right_specific	intron	17	ENSG00000224271.9	EPIC1	87	87	20	ENST00000423737.5;ENST00000426452.2;ENST00000650884.1;ENST00000650895.1;ENST00000650924.1;ENST00000651033.2;ENST00000651270.1;ENST00000651403.1;ENST00000651445.1;ENST00000651458.1;ENST00000651538.1;ENST00000651884.1;ENST00000651939.1;ENST00000651948.2;ENST00000652072.1;ENST00000652080.1;ENST00000652399.1;ENST00000652505.1;ENST00000664761.1;ENST00000665418.1	0.002322
sample__TARDBP__HepG2__ENCSR187VEQ__ENCFF626XAA__VS__TARDBP__K562__ENCSR584TCR__ENCFF606RXB	right_specific	intron	18	ENSG00000106034.19	CPED1	86	86	10	ENST00000310396.10;ENST00000340646.9;ENST00000423795.5;ENST00000450913.6;ENST00000821737.1;ENST00000942582.1;ENST00000942583.1;ENST00000942584.1;ENST00000942585.1;ENST00000942586.1	0.002295
sample__TARDBP__HepG2__ENCSR187VEQ__ENCFF626XAA__VS__TARDBP__K562__ENCSR584TCR__ENCFF606RXB	right_specific	intron	19	ENSG00000008083.15	JARID2	85	85	9	ENST00000341776.7;ENST00000397311.4;ENST00000853926.1;ENST00000853927.1;ENST00000930272.1;ENST00000930273.1;ENST00000930274.1;ENST00000930275.1;ENST00000930276.1	0.002268
sample__TARDBP__HepG2__ENCSR187VEQ__ENCFF626XAA__VS__TARDBP__K562__ENCSR584TCR__ENCFF606RXB	right_specific	intron	20	ENSG00000225546.7	LINC02476	84	84	5	ENST00000426413.2;ENST00000660268.1;ENST00000804423.1;ENST00000804424.1;ENST00000804426.1	0.002242
